Sales,Region,Product_Category
7635,China,electronics
8147,India,clothing
4163,China,electronics
4166,Russia,clothing
9458,China,home_goods
7364,China,home_goods
2731,India,clothing
3009,India,home_goods
5939,Russia,electronics
4333,Russia,clothing
3868,India,electronics
7738,India,home_goods
9285,Russia,home_goods
3124,India,home_goods
8658,India,clothing
2779,Russia,electronics
3998,Russia,home_goods
4221,Russia,clothing
7184,India,electronics
7482,Russia,electronics
7368,China,electronics
4275,China,electronics
6029,Russia,clothing
2514,India,home_goods
9060,Russia,electronics
1068,Russia,electronics
9104,India,home_goods
1349,Russia,home_goods
2894,India,electronics
8419,Russia,electronics
3033,Russia,clothing
3044,India,clothing
4595,India,clothing
8709,China,clothing
8621,Russia,home_goods
4782,India,clothing
9236,India,clothing
3772,Russia,clothing
7397,India,electronics
1809,India,clothing
1872,Russia,home_goods
8103,India,clothing
5122,China,clothing
2890,China,electronics
8516,Russia,home_goods
6989,China,clothing
5062,India,electronics
3940,India,clothing
7439,China,electronics
1363,India,electronics
3263,China,home_goods
2601,China,home_goods
2171,India,electronics
6472,India,clothing
9832,Russia,electronics
3077,India,clothing
5856,Russia,electronics
4675,Russia,electronics
5227,Russia,clothing
5111,China,clothing
3224,India,home_goods
4843,China,electronics
6748,India,electronics
8224,India,electronics
2910,India,electronics
6680,Russia,home_goods
3637,Russia,clothing
3645,Russia,home_goods
1182,India,electronics
5755,China,electronics
7019,Russia,electronics
2458,China,clothing
1850,India,home_goods
5606,India,home_goods
6200,India,home_goods
9899,India,clothing
4833,Russia,home_goods
2519,India,home_goods
1324,Russia,home_goods
4813,India,home_goods
2808,India,home_goods
5558,China,clothing
7267,Russia,home_goods
6120,Russia,home_goods
8205,Russia,clothing
9645,Russia,home_goods
5361,China,clothing
3671,China,clothing
2213,China,clothing
3620,China,clothing
9015,Russia,home_goods
4540,Russia,clothing
5542,China,electronics
4649,China,home_goods
8870,India,home_goods
6969,Russia,home_goods
8836,China,electronics
7387,China,home_goods
6074,India,clothing
6402,China,home_goods
7083,India,electronics
5346,Russia,electronics
5721,Russia,clothing
8455,Russia,clothing
9245,China,clothing
6735,China,electronics
1840,China,clothing
6783,Russia,home_goods
9523,India,clothing
7885,Russia,clothing
1984,India,clothing
9766,Russia,electronics
6873,Russia,clothing
4692,India,clothing
2659,India,electronics
1725,India,home_goods
7378,Russia,home_goods
1369,China,clothing
6811,China,clothing
4428,Russia,electronics
7608,Russia,home_goods
6468,China,clothing
7493,Russia,clothing
2261,China,home_goods
7268,India,clothing
2962,Russia,home_goods
4891,India,home_goods
6896,China,clothing
3036,Russia,electronics
3511,India,home_goods
7736,India,electronics
6542,Russia,clothing
9454,Russia,clothing
8277,China,home_goods
7588,Russia,electronics
4809,China,clothing
1632,China,clothing
1217,Russia,electronics
8124,Russia,home_goods
3850,China,clothing
2910,Russia,electronics
8625,Russia,home_goods
8150,China,home_goods
4718,Russia,clothing
1506,Russia,clothing
8495,India,home_goods
4359,Russia,clothing
9241,Russia,clothing
7972,China,clothing
3717,Russia,home_goods
6256,India,electronics
2215,Russia,electronics
5003,India,electronics
8618,India,clothing
7870,China,clothing
8659,India,home_goods
9781,Russia,electronics
1208,Russia,home_goods
7417,India,clothing
5548,Russia,home_goods
6479,India,clothing
4423,China,electronics
7492,Russia,clothing
1969,India,electronics
2409,India,home_goods
8941,Russia,home_goods
1656,India,clothing
7403,China,clothing
4015,India,home_goods
8934,Russia,clothing
5719,China,home_goods
3462,Russia,electronics
7345,Russia,clothing
1108,China,home_goods
9941,China,electronics
7569,India,home_goods
4672,Russia,clothing
2346,China,electronics
5455,Russia,home_goods
4600,India,clothing
4517,Russia,clothing
3229,India,electronics
1729,China,clothing
2037,India,electronics
7122,India,home_goods
8358,India,electronics
7870,Russia,home_goods
9313,India,electronics
9364,China,clothing
6420,Russia,electronics
5319,India,electronics
2373,India,home_goods
8147,Russia,electronics
5972,China,home_goods
9533,China,clothing
3689,India,electronics
1544,India,home_goods
2355,Russia,electronics
2532,India,home_goods
6196,China,home_goods
6634,China,home_goods
3451,Russia,clothing
3837,Russia,electronics
7826,India,clothing
5229,Russia,clothing
2681,China,electronics
3324,Russia,electronics
8007,China,clothing
7381,China,home_goods
2260,China,home_goods
8316,Russia,home_goods
3115,China,home_goods
5855,India,home_goods
6722,India,clothing
1942,Russia,clothing
9068,China,electronics
5079,India,electronics
1552,China,home_goods
9226,India,home_goods
6650,China,clothing
2065,Russia,electronics
6053,Russia,electronics
1403,China,home_goods
8895,China,electronics
3926,China,electronics
5782,China,clothing
4200,India,clothing
8687,Russia,clothing
6240,China,electronics
3732,Russia,electronics
7563,China,home_goods
3039,China,home_goods
3071,China,electronics
6406,India,electronics
5877,China,clothing
7223,India,home_goods
2765,Russia,clothing
9611,Russia,home_goods
9686,China,electronics
8720,Russia,electronics
5919,India,electronics
8075,India,home_goods
8594,India,electronics
8464,China,clothing
9438,Russia,electronics
8870,China,home_goods
7230,India,home_goods
8160,China,clothing
4221,Russia,electronics
3925,Russia,clothing
9216,China,home_goods
6571,Russia,electronics
5630,Russia,clothing
8489,Russia,clothing
2803,China,clothing
1345,India,clothing
6116,India,electronics
4149,Russia,home_goods
8391,India,electronics
1664,China,clothing
7885,Russia,clothing
6448,India,clothing
5340,China,clothing
3717,China,electronics
4780,India,home_goods
9510,India,home_goods
3768,India,electronics
8793,India,clothing
1704,Russia,electronics
5209,China,clothing
5858,India,home_goods
9187,China,electronics
7325,India,clothing
2645,China,electronics
2414,Russia,clothing
9785,China,home_goods
9604,India,electronics
4020,China,electronics
3396,India,clothing
8810,Russia,electronics
3483,Russia,electronics
1479,India,electronics
2027,Russia,electronics
3549,India,clothing
9158,Russia,electronics
5970,Russia,home_goods
8542,Russia,home_goods
3040,China,electronics
9171,China,home_goods
5041,India,electronics
8391,China,clothing
4975,Russia,electronics
8769,India,electronics
1241,China,clothing
7900,China,electronics
4275,China,clothing
5998,India,electronics
3698,India,home_goods
7110,Russia,clothing
5787,Russia,home_goods
6594,Russia,clothing
1528,India,clothing
4271,Russia,clothing
1186,China,home_goods
3213,China,electronics
9686,China,electronics
6546,India,clothing
8753,Russia,electronics
8338,China,clothing
6162,China,home_goods
1942,China,clothing
8783,India,clothing
4939,India,clothing
4988,India,clothing
9494,Russia,electronics
5019,China,home_goods
5751,India,electronics
4032,India,clothing
6207,India,home_goods
9427,India,clothing
4174,Russia,clothing
2976,India,clothing
1393,Russia,home_goods
7957,China,home_goods
1378,India,clothing
6490,India,electronics
5185,China,electronics
5990,Russia,electronics
7761,India,clothing
4497,Russia,electronics
4399,Russia,electronics
5255,China,home_goods
5750,Russia,electronics
8175,India,clothing
3655,China,clothing
7220,China,clothing
9193,Russia,electronics
8446,Russia,home_goods
1901,Russia,home_goods
7366,Russia,electronics
4079,China,electronics
3682,China,home_goods
4251,Russia,clothing
8515,Russia,home_goods
8938,India,home_goods
8523,China,clothing
5576,China,clothing
3339,Russia,electronics
2755,Russia,clothing
6050,India,electronics
3070,India,home_goods
9339,India,clothing
3721,India,home_goods
7628,China,home_goods
2568,Russia,home_goods
3038,China,home_goods
6978,Russia,home_goods
7525,India,clothing
6311,China,electronics
1936,China,electronics
1542,China,clothing
5047,India,clothing
4107,India,home_goods
8211,Russia,clothing
4476,India,electronics
7356,China,home_goods
6696,India,electronics
8974,Russia,home_goods
5379,China,clothing
6026,China,clothing
1211,Russia,electronics
2939,India,home_goods
6351,Russia,clothing
4481,Russia,home_goods
9019,Russia,clothing
2402,Russia,electronics
1602,India,home_goods
2909,China,clothing
9134,Russia,clothing
8167,India,home_goods
6257,China,electronics
6057,China,electronics
8462,China,home_goods
7322,Russia,clothing
3720,China,clothing
7704,Russia,home_goods
8464,Russia,clothing
8904,China,home_goods
5729,China,home_goods
9110,India,home_goods
1958,China,clothing
8664,Russia,electronics
8551,China,electronics
6196,India,electronics
3055,India,electronics
2451,Russia,electronics
1902,Russia,electronics
1192,China,electronics
3364,India,clothing
1064,Russia,clothing
7992,Russia,electronics
8330,China,home_goods
3145,China,clothing
5724,India,clothing
2751,Russia,clothing
1456,China,electronics
7342,India,clothing
7223,India,electronics
7800,China,home_goods
1318,Russia,home_goods
5803,India,clothing
2067,India,home_goods
3626,China,home_goods
8082,India,clothing
7275,Russia,home_goods
2614,Russia,home_goods
3227,China,home_goods
6848,China,clothing
4210,Russia,electronics
2335,India,clothing
7942,China,home_goods
3527,India,electronics
1836,India,clothing
7696,Russia,home_goods
5747,China,clothing
7998,India,clothing
1247,India,electronics
3311,Russia,clothing
4120,Russia,clothing
7463,China,electronics
9751,Russia,clothing
6757,India,home_goods
5888,China,electronics
4308,India,electronics
7172,China,home_goods
9053,India,electronics
9936,Russia,home_goods
1887,China,home_goods
6112,Russia,clothing
5725,China,electronics
4339,India,clothing
8867,India,home_goods
8643,China,clothing
2804,China,clothing
1218,China,home_goods
4651,China,clothing
2103,India,electronics
2822,India,clothing
7562,China,electronics
8767,India,electronics
7688,Russia,home_goods
6519,Russia,home_goods
7459,China,electronics
3462,Russia,clothing
3525,Russia,electronics
4691,Russia,home_goods
8943,Russia,electronics
1380,China,electronics
8050,India,home_goods
3813,China,electronics
3619,China,clothing
5625,India,clothing
4900,India,electronics
2514,China,clothing
5468,China,home_goods
2984,China,clothing
4963,China,electronics
2709,Russia,electronics
7184,India,clothing
4501,Russia,clothing
5405,China,home_goods
1105,India,electronics
6094,India,clothing
8194,China,clothing
7110,Russia,electronics
4840,China,home_goods
2585,Russia,home_goods
2299,India,clothing
3458,Russia,clothing
1931,China,electronics
1761,China,electronics
8508,China,clothing
6903,Russia,home_goods
9494,India,home_goods
4689,India,home_goods
6085,Russia,electronics
1795,India,home_goods
7925,Russia,electronics
4976,China,electronics
6149,China,clothing
1940,China,clothing
9399,India,home_goods
6347,China,electronics
5162,China,home_goods
7284,Russia,electronics
5412,China,home_goods
9577,China,electronics
5514,China,home_goods
9638,Russia,electronics
7343,Russia,home_goods
7032,China,electronics
3312,Russia,home_goods
2944,Russia,clothing
9630,India,home_goods
6765,Russia,electronics
5731,China,electronics
1940,India,home_goods
2490,China,electronics
3446,China,electronics
6619,India,electronics
5514,India,clothing
7399,India,clothing
5765,China,home_goods
1511,India,electronics
6643,India,home_goods
9345,Russia,clothing
9843,Russia,clothing
4131,India,electronics
5095,China,home_goods
8695,Russia,clothing
5709,India,home_goods
6274,China,home_goods
7122,China,home_goods
2191,India,home_goods
8543,India,clothing
7537,Russia,electronics
7028,Russia,electronics
5010,India,clothing
9795,China,home_goods
5149,Russia,clothing
5173,China,clothing
6172,Russia,home_goods
7075,India,home_goods
6998,India,home_goods
8249,India,home_goods
8639,Russia,home_goods
8464,India,clothing
8202,China,electronics
3758,China,home_goods
9055,Russia,home_goods
6139,Russia,home_goods
7360,China,electronics
3493,India,clothing
7068,Russia,electronics
6359,India,clothing
6280,China,clothing
2085,India,home_goods
7932,India,clothing
3803,Russia,clothing
4978,China,electronics
2521,China,clothing
7591,Russia,electronics
2564,India,clothing
3279,India,home_goods
3531,India,home_goods
1388,Russia,clothing
1608,China,clothing
1914,Russia,electronics
5019,India,home_goods
9008,China,clothing
8951,Russia,home_goods
8261,Russia,electronics
9322,Russia,electronics
3619,India,home_goods
7745,Russia,home_goods
2275,China,clothing
7346,India,clothing
1545,India,home_goods
4880,India,clothing
9324,Russia,clothing
2692,India,electronics
3648,India,home_goods
2168,Russia,home_goods
8112,India,clothing
2916,Russia,home_goods
3921,Russia,electronics
6330,Russia,clothing
3342,Russia,home_goods
3409,India,home_goods
3653,India,clothing
4832,India,electronics
8741,China,electronics
8778,India,home_goods
9470,India,electronics
5337,Russia,electronics
5529,Russia,electronics
6683,India,electronics
7879,Russia,clothing
3495,China,clothing
4346,India,electronics
9225,Russia,clothing
8147,Russia,home_goods
3475,China,clothing
8488,India,home_goods
4962,Russia,home_goods
7968,China,electronics
3898,China,electronics
8171,India,electronics
4587,India,electronics
5158,China,clothing
1579,China,home_goods
7654,Russia,clothing
1261,Russia,electronics
6451,Russia,home_goods
3736,Russia,clothing
9742,China,clothing
2167,China,home_goods
9582,India,electronics
9485,China,electronics
6594,India,electronics
2346,India,electronics
3466,India,electronics
5127,India,electronics
4100,China,electronics
7078,Russia,home_goods
5850,China,clothing
2191,Russia,clothing
7126,India,clothing
6512,India,electronics
1722,China,electronics
8861,India,electronics
5553,China,clothing
2584,Russia,electronics
3405,Russia,clothing
2504,India,electronics
2668,China,home_goods
2006,China,clothing
6700,China,electronics
1443,Russia,home_goods
8594,Russia,electronics
7432,Russia,electronics
5969,Russia,home_goods
6296,China,electronics
6098,China,electronics
4576,Russia,clothing
9308,India,electronics
3118,India,home_goods
5658,China,electronics
3550,India,electronics
7077,Russia,electronics
2983,Russia,clothing
6934,India,home_goods
5982,India,home_goods
8820,Russia,electronics
8232,China,home_goods
7292,China,clothing
7944,Russia,home_goods
3404,Russia,electronics
6449,India,home_goods
3434,India,clothing
7612,India,home_goods
7907,Russia,home_goods
2378,India,electronics
5161,Russia,clothing
2292,Russia,clothing
6988,China,electronics
6201,Russia,clothing
5375,China,clothing
1305,Russia,electronics
2667,Russia,electronics
6973,China,electronics
2843,Russia,electronics
2586,Russia,home_goods
4891,Russia,clothing
7259,Russia,clothing
5272,Russia,home_goods
9950,Russia,clothing
8730,China,clothing
3922,Russia,electronics
6149,Russia,home_goods
9659,China,home_goods
2245,China,clothing
7000,Russia,clothing
7463,Russia,home_goods
1556,India,electronics
3423,China,electronics
5870,China,electronics
5248,China,clothing
3864,Russia,electronics
9514,India,electronics
6450,China,home_goods
2578,Russia,clothing
1123,Russia,home_goods
6729,Russia,electronics
6609,India,electronics
3401,India,clothing
1883,India,home_goods
2354,Russia,home_goods
8486,India,home_goods
5592,China,home_goods
3409,China,home_goods
5664,India,clothing
6012,Russia,clothing
8936,China,clothing
1190,India,electronics
8262,India,clothing
9444,Russia,electronics
2251,China,electronics
9246,Russia,home_goods
4237,India,home_goods
7402,Russia,home_goods
7154,Russia,electronics
2802,China,electronics
4065,Russia,clothing
8539,China,home_goods
3372,China,clothing
5306,Russia,clothing
6853,India,electronics
8810,Russia,electronics
9566,India,clothing
6918,China,electronics
8457,India,electronics
6423,Russia,clothing
4807,Russia,electronics
7949,Russia,clothing
8212,Russia,home_goods
3143,China,electronics
3159,India,clothing
8432,India,home_goods
7274,India,electronics
2851,Russia,home_goods
6737,India,home_goods
3618,China,clothing
3333,India,electronics
4803,India,clothing
6771,China,clothing
5086,Russia,clothing
8712,Russia,electronics
1820,Russia,electronics
3638,China,electronics
7696,Russia,clothing
4510,India,home_goods
6460,India,home_goods
9490,China,electronics
9441,Russia,home_goods
3573,India,electronics
6984,Russia,clothing
4539,India,clothing
8691,China,home_goods
2663,India,electronics
2138,India,electronics
9005,China,home_goods
3769,Russia,home_goods
2878,India,electronics
5606,China,clothing
5840,India,clothing
2118,India,home_goods
8344,India,clothing
5089,Russia,home_goods
9862,Russia,clothing
1447,India,clothing
8188,China,clothing
1152,China,clothing
8060,India,electronics
2457,Russia,electronics
2640,China,electronics
5756,India,clothing
3193,Russia,home_goods
5957,China,home_goods
5953,India,clothing
6089,Russia,electronics
1209,China,electronics
6869,Russia,clothing
4091,China,home_goods
6658,Russia,electronics
3269,India,electronics
6991,India,clothing
2315,China,home_goods
1901,India,home_goods
9659,China,electronics
2652,Russia,clothing
9236,China,electronics
2483,China,home_goods
7223,Russia,clothing
9047,China,electronics
4011,India,home_goods
9100,India,home_goods
7355,India,clothing
2788,China,clothing
3945,Russia,electronics
5682,India,home_goods
5341,Russia,electronics
7977,China,clothing
8379,Russia,home_goods
6076,India,clothing
6279,India,electronics
1047,India,electronics
3939,India,electronics
1835,Russia,clothing
5341,China,home_goods
8217,Russia,electronics
2200,India,electronics
2606,Russia,home_goods
3552,India,home_goods
8585,China,clothing
4029,India,clothing
4921,Russia,electronics
4341,Russia,electronics
8719,India,clothing
2299,India,electronics
8324,Russia,clothing
8102,India,clothing
1257,India,home_goods
5754,Russia,home_goods
5963,India,clothing
8893,Russia,home_goods
7720,Russia,electronics
8295,China,electronics
6754,Russia,electronics
4382,China,home_goods
7379,Russia,clothing
7566,India,home_goods
7431,Russia,home_goods
2676,Russia,electronics
8380,India,electronics
1924,Russia,clothing
4306,China,electronics
7667,India,electronics
7496,China,home_goods
8911,China,home_goods
4936,India,clothing
9976,India,home_goods
3029,Russia,electronics
9475,China,electronics
1400,China,clothing
1623,China,clothing
6574,Russia,electronics
3152,Russia,electronics
5039,India,electronics
9961,China,clothing
1249,China,electronics
9308,China,home_goods
7424,Russia,electronics
8120,Russia,electronics
9163,Russia,home_goods
2287,India,clothing
1097,India,clothing
3418,Russia,home_goods
8762,India,clothing
8713,Russia,home_goods
1621,China,clothing
7820,India,home_goods
2651,China,electronics
7954,Russia,home_goods
3320,Russia,home_goods
4915,China,electronics
4908,China,home_goods
7543,India,clothing
1967,Russia,clothing
9171,Russia,home_goods
4946,India,home_goods
6822,Russia,clothing
1478,China,electronics
1588,Russia,home_goods
2732,Russia,home_goods
6080,India,home_goods
7232,Russia,home_goods
8991,China,home_goods
6299,India,clothing
8202,Russia,electronics
7236,Russia,clothing
3031,China,home_goods
4011,Russia,electronics
6307,Russia,electronics
3319,Russia,electronics
9587,China,electronics
8096,Russia,clothing
4569,India,electronics
5049,Russia,clothing
8860,India,electronics
9504,India,clothing
2271,Russia,electronics
5786,India,home_goods
8510,China,electronics
6917,China,electronics
6536,Russia,home_goods
4565,Russia,home_goods
3061,China,home_goods
8274,China,home_goods
7397,China,clothing
7903,Russia,clothing
9988,China,home_goods
6971,India,electronics
7692,India,home_goods
1677,India,clothing
4769,India,home_goods
1226,Russia,clothing
3080,India,clothing
3957,Russia,home_goods
5418,China,clothing
8495,Russia,clothing
8219,China,home_goods
9197,China,home_goods
2849,China,clothing
6787,India,home_goods
5732,China,electronics
4501,China,home_goods
2819,China,home_goods
7819,India,electronics
6917,China,clothing
1593,India,electronics
3311,China,home_goods
7867,India,clothing
1265,India,home_goods
5293,China,electronics
6098,India,clothing
1166,China,clothing
8777,China,electronics
9821,India,electronics
1821,China,clothing
1788,Russia,electronics
8549,Russia,electronics
4403,Russia,clothing
9832,China,home_goods
9697,India,clothing
5755,Russia,home_goods
5299,China,electronics
6973,Russia,home_goods
4053,Russia,electronics
2769,China,clothing
1344,China,home_goods
6865,Russia,electronics
5425,India,electronics
1572,Russia,home_goods
1567,China,clothing
7434,India,clothing
8313,India,electronics
5484,Russia,home_goods
7438,Russia,clothing
4724,Russia,electronics
9352,Russia,home_goods
3892,China,clothing
3904,China,electronics
8753,India,home_goods
3638,India,electronics
7916,Russia,electronics
3798,Russia,clothing
2645,Russia,home_goods
4667,India,electronics
9836,Russia,home_goods
2144,Russia,home_goods
2009,India,clothing
4960,China,electronics
2031,Russia,clothing
5968,Russia,electronics
2424,India,electronics
6065,Russia,home_goods
4454,India,home_goods
3845,China,electronics
3656,China,clothing
6759,China,clothing
6164,China,electronics
4974,China,home_goods
7037,China,clothing
8631,India,electronics
2199,China,home_goods
9415,India,clothing
3274,India,electronics
9609,China,home_goods
9197,Russia,home_goods
2892,Russia,home_goods
3519,India,clothing
5611,China,home_goods
7808,Russia,home_goods
6153,India,clothing
9423,China,home_goods
4411,Russia,home_goods
3366,China,home_goods
3817,India,electronics
1103,India,home_goods
7381,China,home_goods
2040,China,electronics
4197,India,clothing
3273,China,electronics
8502,Russia,electronics
2600,India,electronics
1241,Russia,home_goods
3568,China,electronics
4715,China,home_goods
2387,Russia,home_goods
8311,China,home_goods
5512,China,electronics
9238,Russia,electronics
7327,Russia,clothing
6380,Russia,home_goods
5855,India,home_goods
1559,Russia,clothing
9332,India,electronics
5273,India,electronics
7037,India,clothing
6161,India,home_goods
9258,China,clothing
7793,India,electronics
5360,India,clothing
3989,China,clothing
7814,Russia,clothing
6369,Russia,electronics
8314,India,electronics
9085,India,electronics
4812,China,clothing
4934,China,home_goods
3142,China,electronics
7313,Russia,electronics
8148,China,clothing
6059,China,home_goods
7954,Russia,clothing
4488,China,clothing
3220,China,clothing
7361,China,electronics
7685,India,home_goods
2400,India,clothing
6928,Russia,home_goods
4659,Russia,electronics
2449,Russia,clothing
3067,China,electronics
5355,Russia,home_goods
8189,China,clothing
1581,Russia,home_goods
5760,Russia,electronics
3570,India,home_goods
5398,China,electronics
5444,China,home_goods
3481,India,electronics
3557,Russia,electronics
7272,India,electronics
3805,China,clothing
6287,India,home_goods
8782,China,electronics
4280,China,clothing
5960,China,home_goods
1899,India,electronics
3908,Russia,electronics
8767,China,home_goods
4758,India,clothing
2919,India,clothing
6662,Russia,electronics
3002,India,clothing
2558,China,clothing
8967,Russia,home_goods
9545,India,clothing
1844,Russia,electronics
5930,India,clothing
6954,China,electronics
6570,China,electronics
8549,China,electronics
4683,Russia,home_goods
8466,China,home_goods
1885,India,clothing
5376,India,clothing
4425,China,clothing
7600,China,electronics
6320,China,clothing
2820,Russia,clothing
3665,India,home_goods
5713,China,electronics
5544,Russia,clothing
9857,Russia,clothing
3538,Russia,electronics
8262,China,electronics
2065,China,electronics
7555,China,clothing
2726,China,electronics
7580,Russia,clothing
9640,Russia,home_goods
3443,India,home_goods
3113,Russia,home_goods
8588,Russia,clothing
9838,China,clothing
8639,India,home_goods
1223,Russia,home_goods
5732,India,clothing
3829,China,electronics
5843,Russia,home_goods
4309,Russia,electronics
8563,China,electronics
3499,Russia,home_goods
6613,Russia,clothing
8437,China,home_goods
1556,China,electronics
3322,China,electronics
8437,China,electronics
7538,Russia,electronics
2816,Russia,clothing
6272,India,electronics
6445,Russia,home_goods
3962,China,home_goods
8181,Russia,clothing
6535,India,home_goods
5244,Russia,electronics
1821,India,electronics
9721,India,electronics
5290,Russia,electronics
9652,Russia,home_goods
1626,India,clothing
8373,China,home_goods
3685,India,clothing
9465,India,home_goods
4672,Russia,home_goods
2347,India,electronics
3165,India,home_goods
9664,China,clothing
7676,India,clothing
2733,India,electronics
2689,Russia,clothing
3450,India,electronics
5444,India,electronics
4105,India,clothing
1641,India,clothing
5463,Russia,clothing
8283,Russia,electronics
1238,Russia,clothing
1786,India,home_goods
3598,India,home_goods
8126,China,clothing
3119,Russia,home_goods
1133,India,electronics
6687,India,home_goods
3428,Russia,clothing
3840,China,home_goods
6220,China,clothing
1458,India,clothing
9636,Russia,clothing
2017,China,electronics
4818,India,electronics
4675,Russia,clothing
2037,China,clothing
7342,Russia,electronics
3415,Russia,home_goods
1307,China,electronics
2172,China,home_goods
3460,China,clothing
1859,China,home_goods
7467,India,home_goods
9618,India,clothing
3467,China,home_goods
9487,Russia,clothing
8023,Russia,home_goods
1414,China,electronics
1191,India,electronics
6926,India,clothing
9921,India,clothing
3491,China,electronics
1471,India,electronics
6232,China,clothing
5650,China,electronics
3925,China,home_goods
9814,China,clothing
7966,Russia,clothing
7504,China,electronics
3554,India,electronics
3040,China,home_goods
8629,Russia,electronics
1802,India,electronics
7702,India,home_goods
4945,Russia,clothing
3606,India,electronics
1498,China,electronics
1732,India,home_goods
7244,China,clothing
4862,India,clothing
7963,China,home_goods
7609,India,home_goods
9709,Russia,home_goods
3859,China,home_goods
5050,India,clothing
1301,China,electronics
6233,Russia,home_goods
4080,China,clothing
9209,China,electronics
1792,Russia,home_goods
6564,Russia,electronics
7060,China,electronics
4940,India,electronics
7751,Russia,electronics
9493,China,home_goods
4729,China,home_goods
2570,China,electronics
8342,China,electronics
1345,Russia,clothing
9955,China,home_goods
1882,China,home_goods
4143,India,home_goods
8261,Russia,home_goods
7769,China,home_goods
8142,China,electronics
1220,China,home_goods
3232,China,electronics
9104,Russia,home_goods
8188,Russia,electronics
7394,Russia,electronics
8967,Russia,electronics
6207,China,clothing
6843,India,home_goods
7742,China,home_goods
9312,Russia,home_goods
4803,India,home_goods
5800,Russia,home_goods
3644,India,clothing
2104,China,electronics
8396,India,home_goods
5629,India,clothing
6426,India,home_goods
4693,China,clothing
7105,China,home_goods
2531,Russia,clothing
2267,India,electronics
2243,Russia,home_goods
2899,China,home_goods
1171,Russia,clothing
9600,China,electronics
4859,China,home_goods
7055,Russia,electronics
7408,Russia,clothing
4084,India,clothing
7658,Russia,electronics
7586,Russia,home_goods
5353,China,home_goods
2037,Russia,clothing
9901,India,electronics
8150,India,clothing
9891,India,clothing
3416,Russia,home_goods
8556,India,clothing
2591,India,clothing
1489,Russia,home_goods
4309,Russia,home_goods
9868,India,clothing
1310,Russia,electronics
8056,Russia,electronics
1542,China,home_goods
1200,China,electronics
1147,Russia,home_goods
5991,China,home_goods
8342,China,clothing
1957,India,electronics
2223,China,clothing
1087,India,electronics
5754,China,clothing
7075,Russia,clothing
5460,China,electronics
5254,Russia,home_goods
8517,India,electronics
7149,Russia,electronics
2063,Russia,electronics
9399,India,home_goods
6431,Russia,electronics
3259,India,home_goods
7126,India,electronics
4865,India,clothing
7872,India,home_goods
2572,Russia,home_goods
7330,Russia,clothing
3748,Russia,clothing
2935,Russia,home_goods
8507,Russia,home_goods
2840,India,electronics
8568,India,home_goods
3511,Russia,home_goods
2956,Russia,clothing
9704,China,home_goods
8508,China,home_goods
1178,Russia,electronics
9499,China,clothing
6552,China,home_goods
2607,China,electronics
9890,Russia,clothing
6968,India,clothing
6870,India,electronics
5621,China,electronics
3655,India,electronics
5058,China,home_goods
3913,Russia,home_goods
8385,India,electronics
3200,China,clothing
5546,China,electronics
8006,Russia,electronics
4149,India,electronics
4075,China,clothing
7619,India,electronics
7533,India,electronics
1689,India,clothing
7490,India,electronics
7717,China,electronics
5360,India,home_goods
6913,Russia,electronics
3342,Russia,electronics
7416,China,home_goods
2805,Russia,home_goods
8149,China,clothing
9751,India,electronics
7267,Russia,home_goods
5722,India,home_goods
7042,Russia,home_goods
4129,China,electronics
8150,India,home_goods
7545,Russia,electronics
6712,Russia,home_goods
7050,China,electronics
2237,China,electronics
2119,Russia,clothing
4960,China,clothing
6842,Russia,electronics
7333,Russia,electronics
8967,China,electronics
9421,China,electronics
1796,India,clothing
5559,India,electronics
1935,India,home_goods
2686,India,electronics
5671,China,home_goods
1812,China,home_goods
2185,India,home_goods
3102,India,home_goods
6523,India,home_goods
7566,China,home_goods
5399,China,home_goods
7296,Russia,electronics
3861,India,electronics
5087,India,electronics
8888,India,clothing
2139,Russia,home_goods
9581,China,home_goods
6130,Russia,home_goods
6741,India,clothing
9875,India,clothing
9251,China,home_goods
9943,India,home_goods
4035,India,electronics
2897,China,electronics
8598,India,electronics
1704,Russia,electronics
5522,India,home_goods
2887,Russia,home_goods
1166,India,clothing
2853,Russia,home_goods
4804,Russia,clothing
6937,India,electronics
9984,China,clothing
6905,India,home_goods
7119,Russia,clothing
4953,Russia,home_goods
6213,India,electronics
4411,Russia,electronics
5269,Russia,home_goods
6573,China,clothing
7417,India,electronics
7323,India,electronics
9962,China,clothing
1671,India,clothing
5462,India,clothing
6931,Russia,electronics
1169,India,home_goods
3446,Russia,clothing
3131,India,electronics
8467,Russia,home_goods
5776,China,clothing
7217,Russia,electronics
9379,Russia,electronics
4030,China,electronics
4452,India,clothing
7376,Russia,clothing
3908,China,home_goods
7320,Russia,electronics
1323,India,clothing
2641,China,clothing
1463,China,home_goods
4689,Russia,electronics
9359,India,clothing
8403,Russia,clothing
5803,China,clothing
4760,China,electronics
7947,China,home_goods
6732,India,clothing
6384,India,electronics
4159,China,home_goods
1873,Russia,electronics
8365,India,home_goods
1904,Russia,home_goods
4131,China,electronics
4077,Russia,clothing
8991,India,home_goods
2347,India,electronics
1967,China,home_goods
8445,India,clothing
2164,India,electronics
8537,China,electronics
9188,India,clothing
2492,India,clothing
8334,Russia,home_goods
8713,China,home_goods
6637,Russia,electronics
2009,China,clothing
2776,India,clothing
5191,China,clothing
8472,China,clothing
2078,China,home_goods
3447,China,clothing
9704,India,home_goods
2919,Russia,clothing
8426,China,home_goods
2901,Russia,clothing
7621,Russia,home_goods
6410,China,clothing
2952,China,electronics
9513,India,home_goods
3691,Russia,clothing
3372,India,clothing
2138,India,electronics
3073,Russia,electronics
5911,China,home_goods
9608,Russia,home_goods
6442,China,home_goods
4223,Russia,home_goods
5773,China,home_goods
3018,India,home_goods
9905,China,electronics
3723,India,electronics
4366,China,home_goods
5965,China,home_goods
8643,China,home_goods
9560,China,electronics
4360,Russia,electronics
5954,India,home_goods
9370,China,electronics
6650,India,electronics
6075,China,home_goods
8867,China,clothing
9403,Russia,home_goods
6867,China,clothing
1687,Russia,home_goods
9737,China,electronics
8724,India,home_goods
7152,China,home_goods
4750,Russia,home_goods
7268,Russia,home_goods
8049,China,clothing
5290,Russia,home_goods
8492,Russia,home_goods
1661,Russia,electronics
7270,India,electronics
8540,Russia,home_goods
1829,India,home_goods
7759,China,clothing
8688,India,home_goods
7504,Russia,electronics
2148,China,clothing
6498,India,clothing
1729,China,home_goods
6708,China,clothing
1591,India,clothing
6230,China,clothing
7352,India,electronics
6840,China,electronics
4308,Russia,home_goods
2262,India,electronics
5735,China,clothing
3945,Russia,clothing
3221,China,home_goods
3663,Russia,electronics
1409,Russia,clothing
4933,India,clothing
6080,China,electronics
1849,China,clothing
5026,China,electronics
8255,Russia,home_goods
4414,China,electronics
3757,Russia,electronics
9808,Russia,electronics
2408,China,home_goods
5363,India,electronics
3526,China,clothing
6371,Russia,clothing
4208,Russia,clothing
4797,Russia,home_goods
1139,China,clothing
7940,India,electronics
9535,India,electronics
9745,Russia,clothing
5592,India,electronics
7564,Russia,clothing
3119,Russia,clothing
2824,India,home_goods
6593,China,home_goods
6633,India,electronics
7821,Russia,clothing
1655,India,clothing
6053,India,home_goods
4783,Russia,home_goods
8932,India,home_goods
4178,India,home_goods
4256,China,home_goods
7506,India,clothing
9289,Russia,electronics
1944,China,home_goods
7448,Russia,home_goods
7437,China,clothing
1242,China,home_goods
1159,India,electronics
7903,India,electronics
2133,Russia,home_goods
1059,India,clothing
4682,Russia,electronics
8153,Russia,clothing
7374,India,home_goods
2011,India,home_goods
1117,India,electronics
4951,Russia,home_goods
9315,Russia,electronics
1794,Russia,clothing
1093,China,clothing
6528,China,electronics
8570,China,electronics
7999,Russia,clothing
4355,India,electronics
8135,Russia,home_goods
3835,India,clothing
8131,India,home_goods
3002,Russia,home_goods
7513,Russia,electronics
6841,India,electronics
8187,India,home_goods
1563,India,clothing
9779,Russia,electronics
2851,India,clothing
8760,Russia,clothing
1333,Russia,electronics
6293,Russia,clothing
3563,India,electronics
4200,China,home_goods
8980,Russia,electronics
1287,Russia,clothing
7163,China,electronics
8272,India,electronics
8247,India,home_goods
7534,Russia,clothing
4586,Russia,electronics
5829,China,home_goods
1181,China,home_goods
8673,India,electronics
8087,India,electronics
2149,Russia,home_goods
7297,India,clothing
5741,India,home_goods
4263,Russia,electronics
9424,China,home_goods
2836,China,home_goods
5367,Russia,electronics
1260,Russia,electronics
8720,Russia,clothing
2992,China,clothing
4718,China,home_goods
7877,India,clothing
9982,China,clothing
2486,China,home_goods
4964,Russia,electronics
9510,China,electronics
1450,China,home_goods
8648,China,electronics
7645,Russia,home_goods
6330,Russia,clothing
7800,China,electronics
5282,India,home_goods
8209,India,clothing
5284,India,clothing
3717,India,clothing
4983,China,clothing
8039,India,electronics
4273,Russia,home_goods
1649,India,electronics
6524,India,clothing
8690,India,electronics
8653,India,electronics
2711,Russia,clothing
6948,Russia,electronics
4493,India,home_goods
8929,India,home_goods
7050,India,electronics
6967,Russia,home_goods
6952,India,home_goods
8037,China,clothing
2076,China,home_goods
4030,Russia,clothing
8149,China,home_goods
2562,India,home_goods
1506,India,clothing
9297,China,electronics
9784,Russia,home_goods
5035,Russia,clothing
7276,China,home_goods
3312,Russia,clothing
9609,China,electronics
3965,India,clothing
2236,Russia,electronics
7968,Russia,clothing
4400,India,clothing
6881,China,home_goods
5678,India,home_goods
4787,India,electronics
4118,India,electronics
4105,India,clothing
6369,Russia,clothing
4832,India,clothing
9441,China,home_goods
6824,Russia,electronics
9262,China,electronics
5119,Russia,home_goods
9589,India,electronics
4035,India,clothing
1341,India,clothing
4164,Russia,home_goods
4048,Russia,home_goods
7869,India,home_goods
3105,India,clothing
2683,India,clothing
2821,Russia,electronics
2084,Russia,clothing
1974,Russia,clothing
8322,Russia,clothing
9538,India,clothing
5329,China,home_goods
6722,China,electronics
2899,China,clothing
8402,China,home_goods
8784,Russia,home_goods
3693,India,home_goods
6081,China,clothing
2316,China,home_goods
2498,India,electronics
9131,India,clothing
9413,India,home_goods
2008,India,clothing
4069,Russia,home_goods
6066,India,electronics
4449,China,clothing
2493,India,clothing
5880,India,clothing
1259,Russia,clothing
2581,China,clothing
8953,Russia,home_goods
1385,Russia,home_goods
2753,India,clothing
4063,India,clothing
5318,India,home_goods
9604,China,electronics
9173,China,electronics
4090,China,home_goods
7521,Russia,electronics
3408,India,electronics
1510,China,electronics
2844,Russia,electronics
3161,China,home_goods
2116,India,electronics
1254,India,home_goods
6461,India,electronics
2559,India,home_goods
5182,Russia,home_goods
6667,India,clothing
7541,India,clothing
7536,China,electronics
1910,China,home_goods
5229,China,electronics
8507,India,electronics
4880,India,electronics
4972,Russia,clothing
8297,Russia,electronics
5083,Russia,home_goods
2794,India,home_goods
6187,China,clothing
4928,China,electronics
9719,China,electronics
3681,China,electronics
8891,Russia,clothing
5275,Russia,home_goods
4597,India,home_goods
8121,China,home_goods
6769,India,electronics
3374,Russia,electronics
7504,China,electronics
2766,Russia,home_goods
9868,India,home_goods
8360,India,home_goods
2518,China,home_goods
6508,India,electronics
2438,China,electronics
7859,China,clothing
7109,Russia,home_goods
5229,Russia,clothing
9457,Russia,home_goods
4907,India,clothing
6551,China,clothing
8429,Russia,home_goods
3651,Russia,home_goods
5921,China,clothing
8490,Russia,clothing
1353,India,home_goods
8835,India,electronics
9597,Russia,home_goods
6651,Russia,clothing
2431,China,clothing
6462,China,electronics
5945,Russia,home_goods
1445,Russia,home_goods
6820,Russia,electronics
3832,Russia,clothing
3311,India,electronics
9859,India,electronics
5047,Russia,electronics
5447,China,home_goods
1234,Russia,clothing
4390,India,home_goods
4046,India,home_goods
5263,Russia,home_goods
4602,China,home_goods
6634,Russia,home_goods
9537,China,home_goods
1142,Russia,electronics
9826,Russia,electronics
8639,Russia,clothing
3192,Russia,clothing
7056,China,home_goods
3459,India,clothing
2161,China,clothing
3503,India,clothing
7332,China,clothing
7683,India,clothing
9699,India,clothing
5257,India,home_goods
9159,China,home_goods
9677,India,home_goods
1098,India,clothing
7964,India,clothing
3842,China,home_goods
4531,Russia,home_goods
5715,Russia,home_goods
4567,Russia,clothing
5897,China,electronics
2944,Russia,clothing
3770,India,clothing
6512,Russia,clothing
5424,India,electronics
5844,Russia,clothing
8707,China,electronics
5022,Russia,home_goods
5334,India,home_goods
3005,India,electronics
9507,China,clothing
3269,China,clothing
2458,China,home_goods
8313,India,electronics
8586,Russia,home_goods
4449,Russia,home_goods
9785,Russia,home_goods
6538,Russia,clothing
2173,Russia,electronics
3441,China,clothing
8519,Russia,home_goods
6773,India,home_goods
8021,Russia,home_goods
1117,Russia,home_goods
8740,Russia,electronics
6016,India,electronics
3892,China,electronics
2054,Russia,electronics
4327,Russia,clothing
7839,Russia,clothing
5471,India,clothing
1345,China,electronics
4796,India,electronics
5278,China,electronics
2934,India,clothing
5903,China,electronics
2566,Russia,home_goods
5460,China,electronics
9674,Russia,clothing
4050,Russia,home_goods
6106,China,clothing
5618,India,home_goods
7266,China,clothing
2261,India,electronics
6044,Russia,clothing
5345,China,electronics
3861,China,electronics
1532,Russia,home_goods
3329,India,clothing
8239,India,clothing
1533,Russia,clothing
2239,China,clothing
5268,Russia,home_goods
2786,China,clothing
9154,China,electronics
1706,China,home_goods
8126,China,home_goods
7100,India,clothing
2962,Russia,electronics
8906,China,clothing
7869,India,clothing
6587,China,home_goods
3464,China,home_goods
7210,India,electronics
2369,India,electronics
8790,China,electronics
4130,India,electronics
9084,India,electronics
4474,China,clothing
2868,China,home_goods
9434,India,clothing
5940,Russia,electronics
5896,India,electronics
9374,Russia,clothing
8454,India,home_goods
4857,India,clothing
1279,China,home_goods
3814,China,home_goods
6463,China,clothing
8419,India,home_goods
2162,India,electronics
7603,China,clothing
2267,Russia,electronics
6223,China,clothing
1355,Russia,electronics
9390,China,electronics
1705,India,clothing
4102,Russia,clothing
7589,India,clothing
4402,India,clothing
2368,China,home_goods
9199,India,home_goods
6279,Russia,clothing
9617,India,electronics
7098,Russia,home_goods
1040,China,clothing
2306,Russia,home_goods
9669,Russia,clothing
6455,Russia,home_goods
9062,Russia,home_goods
3651,China,electronics
7480,India,clothing
5270,China,clothing
